,EB IMG NF - Band 1,EB SPEC IFS - Band 3,EB IMG WF - Band 4
REQ,0.14111,0.537982504743983,0.183181114799989
CBE,0.122152202814894,0.413420348675147,0.137846533553296